barcode/sku,product name,brand,category,price,mrp,stock,description,image
1,COLOUR GUARD 35ML,COLOUR,Stationery & Miscellaneous,65,68,5,,https://www.google.com/imgres?q=color%20guard%2025%20ml&imgurl=https%3A%2F%2Fm.media-amazon.com%2Fimages%2FI%2F71Nma96vbZL._AC_UF1000%2C1000_QL80_.jpg&imgrefurl=https%3A%2F%2Fwww.amazon.in%2FMr-Shine-Anti-Fade-Formula-Prevent-Staining%2Fdp%2FB0D5HP9Q5R&docid=ifOS56S-BLa6HM&tbnid=mdX7LzQ1m9nMFM&vet=12ahUKEwiZnq2-9YaWAxUCxjgGHc55KzAQnPAOegQIRhAA..i&w=1000&h=650&hcb=2&ved=2ahUKEwiZnq2-9YaWAxUCxjgGHc55KzAQnPAOegQIRhAA
2,VEDA CASTOR OIL100ML,VEDA,Health & Wellness,146,148,7,,images/product_2.jpg?t=1784581137912
14,CASIO CALCULATOR FX-82MS,CASIO,Stationery & Miscellaneous,620,625,5,,https://placehold.co/300x300?text=CASIO
94,AMBIPUR AF LAVENDER BOUQUET 275GM,AMBIPUR,Stationery & Miscellaneous,270,299,3,,https://placehold.co/300x300?text=AMBIPUR
126,AMBIPUR CAR FRSHNR VANILLA BOUQUET 7.5ml,AMBIPUR,Stationery & Miscellaneous,315,349,3,,https://placehold.co/300x300?text=AMBIPUR
177,AMBIPUR RF LOVE FRESH 180gm,AMBIPUR,Stationery & Miscellaneous,250,299,1,,https://placehold.co/300x300?text=AMBIPUR
205,AMBIPUR CAR REFIL LAVENDER 7.5ml,AMBIPUR,Stationery & Miscellaneous,225,249,5,,https://placehold.co/300x300?text=AMBIPUR
253,AMBIPUR CAR FRESH LEMON 75g,AMBIPUR,Stationery & Miscellaneous,310,349,1,,https://placehold.co/300x300?text=AMBIPUR
279,DURACELL ULTRA D2 ALKALINE 1.5V,DURACELL,Stationery & Miscellaneous,449,450,1,,https://placehold.co/300x300?text=DURACELL
280,PEDIGREE DENTASTICX 180GM,PEDIGREE,Stationery & Miscellaneous,207,210,1,,https://placehold.co/300x300?text=PEDIGREE
281,BLUE LADY RASASI BS 200ML,BLUE,Stationery & Miscellaneous,240,349,1,,https://placehold.co/300x300?text=BLUE
282,BLUE FOR MEN EAU DE TOILETTE 100ML,BLUE,Stationery & Miscellaneous,1040,1200,1,,https://placehold.co/300x300?text=BLUE
283,CLOROX WHITEST WHITES 470ml,CLOROX,Stationery & Miscellaneous,255,260,-1,,https://placehold.co/300x300?text=CLOROX
284,MAGGI CHICKEN STOCK CUBE 20G,MAGGI,Stationery & Miscellaneous,34,35,1,,https://placehold.co/300x300?text=MAGGI
285,KITKAT CHUNKY CARAMEL 42g,KITKAT,Stationery & Miscellaneous,79,80,-9,,https://placehold.co/300x300?text=KITKAT
293,INDIA GATE BASMATHI DUBAR 1KG,INDIA,Stationery & Miscellaneous,143,146,6,,https://placehold.co/300x300?text=INDIA
294,INDIA GATE BASMATHI FEAST ROZZANA 1KG,INDIA,Stationery & Miscellaneous,115,118,1,,https://placehold.co/300x300?text=INDIA
295,NONI BLACK HAIR MAGIC 20ML,NONI,Stationery & Miscellaneous,89,90,44,,https://placehold.co/300x300?text=NONI
296,NONI BLACK HAIR MAGIC 12ml,NONI,Stationery & Miscellaneous,49,50,20,,https://placehold.co/300x300?text=NONI
298,ROYAL MIRAGE SILVER BS 200ML,ROYAL,Stationery & Miscellaneous,250,325,1,,https://placehold.co/300x300?text=ROYAL
3,MARQUIS POUR FEMME PERFUMES 100ml,MARQUIS,Fragrances & Deodorants,1650,1999,2,,https://placehold.co/300x300?text=MARQUIS
10,YARDLEY LONDAN CLASSIC BODY SPRAY MEN 150M,YARDLEY,Fragrances & Deodorants,205,225,2,,https://placehold.co/300x300?text=YARDLEY
286,YARDLEY LONDON ROSE ROLL ON 50ML,YARDLEY,Fragrances & Deodorants,205,225,3,,https://placehold.co/300x300?text=YARDLEY
287,YARDLEY ENGLISH LAVENDER ROLL ON 50ML,YARDLEY,Fragrances & Deodorants,210,249,3,,https://placehold.co/300x300?text=YARDLEY
288,YARDLEY ENGLISH BLOSSOM ROLL ON 50ML,YARDLEY,Fragrances & Deodorants,210,249,1,,https://placehold.co/300x300?text=YARDLEY
289,YARDLEY DEO ROOL-ON ENGLISH ROSE,YARDLEY,Fragrances & Deodorants,210,249,1,,https://placehold.co/300x300?text=YARDLEY
290,YARDLEY GENTLEMAN CLASSIC DEO ROLL ON 50ML,YARDLEY,Fragrances & Deodorants,205,225,2,,https://placehold.co/300x300?text=YARDLEY
291,YARDLEY ORIGINAL DEODERANT ROLL ON 50ML,YARDLEY,Fragrances & Deodorants,205,225,2,,https://placehold.co/300x300?text=YARDLEY
881,PARK AVENUE GOOD MORNING DEO 100GM,PARK,Fragrances & Deodorants,185,225,-1,,https://placehold.co/300x300?text=PARK
882,PARK AVENUE VOYAGE BODY SPRAY 150ML,PARK,Fragrances & Deodorants,248,250,1,,https://placehold.co/300x300?text=PARK
883,PARK AVENUE NEO PREMIUM BODY SPRAY 150ML,PARK,Fragrances & Deodorants,180,250,1,,https://placehold.co/300x300?text=PARK
1153,ENGAGE RUSH DEO SPRAY MAN 165ML,ENGAGE,Fragrances & Deodorants,215,220,2,,https://placehold.co/300x300?text=ENGAGE
1154,ENGAGE MATE DEO SPRAY MAN 150ML,ENGAGE,Fragrances & Deodorants,215,220,1,,https://placehold.co/300x300?text=ENGAGE
1155,ENGAGE URGE DEO SPRAY 150ML,ENGAGE,Fragrances & Deodorants,178,180,3,,https://placehold.co/300x300?text=ENGAGE
1156,ENGAGE BLUSH WOMEN DEO SPARY 150ML,ENGAGE,Fragrances & Deodorants,219,220,2,,https://placehold.co/300x300?text=ENGAGE
1157,ENGAGE SPELL DEO SPARY 150ML,ENGAGE,Fragrances & Deodorants,218,220,3,,https://placehold.co/300x300?text=ENGAGE
1158,ENGAGE M1 PERFUME SPRAY 120ML,ENGAGE,Fragrances & Deodorants,220,230,3,,https://placehold.co/300x300?text=ENGAGE
1159,ENGAGE ON COOL MARINE POCKET PERFUME MAN 17ML,ENGAGE,Fragrances & Deodorants,64.5,65,1,,https://placehold.co/300x300?text=ENGAGE
1160,ENGAGE M2 PERFUME SPRAY 120ML,ENGAGE,Fragrances & Deodorants,220,230,2,,https://placehold.co/300x300?text=ENGAGE
1161,ENGAGE ON CLASSIC WOODY POCKET PERFUME MAN 17ML,ENGAGE,Fragrances & Deodorants,64.5,65,1,,https://placehold.co/300x300?text=ENGAGE
4,NIVEA CREME 30ML,NIVEA,Skin Care & Beauty,68,70,3,,https://placehold.co/300x300?text=NIVEA
5,NIVEA SOFT300ML+TFC,NIVEA,Skin Care & Beauty,547,550,1,,https://placehold.co/300x300?text=NIVEA
6,NIVEA PROTECT & CARE 50ML,NIVEA,Skin Care & Beauty,246,249,4,,https://placehold.co/300x300?text=NIVEA
7,NIVEA PEARL AND BEAUTY ROLL ON 50ML,NIVEA,Skin Care & Beauty,246,249,2,,https://placehold.co/300x300?text=NIVEA
8,NIVEA WHITENING SENSITIVE DEO ROLL ON 50ml,NIVEA,Skin Care & Beauty,245,249,2,,https://placehold.co/300x300?text=NIVEA
11,SEBAMED FACE AND BODY WASH 400 ML,SEBAMED,Skin Care & Beauty,900,940,1,,https://placehold.co/300x300?text=SEBAMED
17,MAGGI CREAMY COCONUT MILK POWDER 25gm,MAGGI,Skin Care & Beauty,32,33,2,,https://placehold.co/300x300?text=MAGGI
18,MAGGI CREAMY COCONUT MILK POWDER 100gm,MAGGI,Skin Care & Beauty,115,125,1,,https://placehold.co/300x300?text=MAGGI
27,OLAY LUMINOUS VIT C SERUM 30ml,OLAY,Skin Care & Beauty,1380,1999,1,,https://placehold.co/300x300?text=OLAY
33,OLAY REGENERIST CLEANSER 100gm,OLAY,Skin Care & Beauty,340,399,1,,https://placehold.co/300x300?text=OLAY
38,OLAY REGEN RETINOL NIGHT MOIST 50gm,OLAY,Skin Care & Beauty,1750,1999,1,,https://placehold.co/300x300?text=OLAY
39,OLAY ANTI AGENING CREAM GM,OLAY,Skin Care & Beauty,180,199,2,,https://placehold.co/300x300?text=OLAY
71,OLAY NATURAL AURA 20g,OLAY,Skin Care & Beauty,95,99,1,,https://placehold.co/300x300?text=OLAY
104,TIDE JASMINE & ROSE DETERGENT POWDER 2Kg,TIDE,Skin Care & Beauty,278,280,1,,https://placehold.co/300x300?text=TIDE
169,OLAY LUMINOUS NIACINAMIDE CREAM 50g,OLAY,Skin Care & Beauty,815,899,1,,https://placehold.co/300x300?text=OLAY
170,OLAY NATURAL GLOW RADIANCE CREAM 40gm,OLAY,Skin Care & Beauty,185,199,1,,https://placehold.co/300x300?text=OLAY
171,OLAY MOISTURISING CRM 50gm,OLAY,Skin Care & Beauty,315,349,2,,https://placehold.co/300x300?text=OLAY
172,OLAY IN ONE DAY CREAM50 GM,OLAY,Skin Care & Beauty,850,949,2,,https://placehold.co/300x300?text=OLAY
173,OLAY IN ONE DAY CREAM 20g,OLAY,Skin Care & Beauty,395,429,3,,https://placehold.co/300x300?text=OLAY
174,OLAY IN ONE NIGHT CREAM 20gm,OLAY,Skin Care & Beauty,395,429,1,,https://placehold.co/300x300?text=OLAY
9,DAVIDOFF CAFE FINE AROMA 100GM,DAVIDOFF,"Tea, Coffee & Health Drinks",650,750,1,,https://placehold.co/300x300?text=DAVIDOFF
370,NESCAFE CLASSIC 24g,NESCAFE,"Tea, Coffee & Health Drinks",130,130,1,,https://placehold.co/300x300?text=NESCAFE
372,NESCAFE CLASSIC 45G BOTTLE,NESCAFE,"Tea, Coffee & Health Drinks",234,235,2,,https://placehold.co/300x300?text=NESCAFE
398,BRU INSTANT 1.2gm,BRU,"Tea, Coffee & Health Drinks",2,2,-162,,https://placehold.co/300x300?text=BRU
400,BOOST JAR 200G,BOOST,"Tea, Coffee & Health Drinks",110,129,2,,https://placehold.co/300x300?text=BOOST
401,LIPTON YELLOW LABEL TEA 250GM,LIPTON,"Tea, Coffee & Health Drinks",329,330,-3,,https://placehold.co/300x300?text=LIPTON
402,TAJ MAHAL TEA BAG 100,TAJ,"Tea, Coffee & Health Drinks",219,220,-3,,https://placehold.co/300x300?text=TAJ
405,BRU GREEN LABEL 500GM,BRU,"Tea, Coffee & Health Drinks",329,330,-2,,https://placehold.co/300x300?text=BRU
406,TAJ MAHAL TEA LEAF 100GM,TAJ,"Tea, Coffee & Health Drinks",95,95,-3,,https://placehold.co/300x300?text=TAJ
413,BOOST 1Kg CONTAINER,BOOST,"Tea, Coffee & Health Drinks",624,625,1,,https://placehold.co/300x300?text=BOOST
422,BRU INSTANT gm,BRU,"Tea, Coffee & Health Drinks",5,5,15,,https://placehold.co/300x300?text=BRU
428,LIPTON GREEN TEA HONEY LEMON 100GM,LIPTON,"Tea, Coffee & Health Drinks",154,155,-6,,https://placehold.co/300x300?text=LIPTON
431,TAJ MAHAL TEA 500GM,TAJ,"Tea, Coffee & Health Drinks",469.8,470,-1,,https://placehold.co/300x300?text=TAJ
440,BOOST JAR 500G,BOOST,"Tea, Coffee & Health Drinks",298.6,299,1,,https://placehold.co/300x300?text=BOOST
441,BOOST 3X MORE STAMINA 1KG POUCH,BOOST,"Tea, Coffee & Health Drinks",545,549,4,,https://placehold.co/300x300?text=BOOST
442,HORLICKS JUNIOR 500GM (R) VANILA,HORLICKS,"Tea, Coffee & Health Drinks",329,330,2,,https://placehold.co/300x300?text=HORLICKS
445,HORLICKS LITE BADAM,HORLICKS,"Tea, Coffee & Health Drinks",348.6,349,1,,https://placehold.co/300x300?text=HORLICKS
486,JUNIOR HORLICKS VANILA 400GM,JUNIOR,"Tea, Coffee & Health Drinks",234,235,-1,,https://placehold.co/300x300?text=JUNIOR
514,WOMEN HORLICKS CARAMEL 200g,WOMEN,"Tea, Coffee & Health Drinks",159,160,-2,,https://placehold.co/300x300?text=WOMEN
515,HORLICKS WOMENS PLUS CARAMEL FLV 400G,HORLICKS,"Tea, Coffee & Health Drinks",319,320,-4,,https://placehold.co/300x300?text=HORLICKS
12,SEBAMED EVERYDAY SHAMPOO 200ml,SEBAMED,Hair Care,610,625,1,,https://placehold.co/300x300?text=SEBAMED
24,H&S SHA COND SS 80ML,H&S,Hair Care,81,82,5,,https://placehold.co/300x300?text=H&S
25,H&S COND AD SS 170ML,H&S,Hair Care,163,165,2,,https://placehold.co/300x300?text=H&S
51,H&S SHA AD NEEM 180ML,H&S,Hair Care,230,235,1,,https://placehold.co/300x300?text=H&S
52,H&S SHA+COND 2IN1 ACT PRTCT 180ML,H&S,Hair Care,230,265,1,,https://placehold.co/300x300?text=H&S
53,H&S SHA AD LF 180ML,H&S,Hair Care,213,215,4,,https://placehold.co/300x300?text=H&S
54,H&S SHA AD AHF 180ML,H&S,Hair Care,198,199,5,,https://placehold.co/300x300?text=H&S
55,H&S SHA AD SB 180ML,H&S,Hair Care,204,205,3,,https://placehold.co/300x300?text=H&S
56,H&S SHA AD CM 180ML,H&S,Hair Care,198,199,5,,https://placehold.co/300x300?text=H&S
57,H&S SHA AD SS 180ML,H&S,Hair Care,198,199,2,,https://placehold.co/300x300?text=H&S
58,H&S SHA AD NEEM 340ml,H&S,Hair Care,470,515,1,,https://placehold.co/300x300?text=H&S
59,H&S SHA&COND 2IN1 ACT PROTCT 340ML,H&S,Hair Care,470,515,1,,https://placehold.co/300x300?text=H&S
60,H&S SHA+COND IN1 S&S 340ML,H&S,Hair Care,470,515,1,,https://placehold.co/300x300?text=H&S
61,H&S SHA ANTI DAND CM 340ml,H&S,Hair Care,408,410,1,,https://placehold.co/300x300?text=H&S
62,H&S SHA ANTI DANDRUF SS 340ML,H&S,Hair Care,408,410,1,,https://placehold.co/300x300?text=H&S
63,H&S SHA AHFALL AD 340ML,H&S,Hair Care,408,410,1,,https://placehold.co/300x300?text=H&S
64,H&S SHA AD SB 340ML,H&S,Hair Care,408,410,1,,https://placehold.co/300x300?text=H&S
65,H&S SHA AD CM 72ML,H&S,Hair Care,79,79,3,,https://placehold.co/300x300?text=H&S
66,H&S SHAMPOO ANTI-DANDRF LEMON FRESH 72ML,H&S,Hair Care,88,89,2,,https://placehold.co/300x300?text=H&S
67,H&S SHA AD NEEM 72ML,H&S,Hair Care,114,115,3,,https://placehold.co/300x300?text=H&S
13,VEDA CHIA SEED 200GM,VEDA,Organic & Health Foods,326,328,1,,https://placehold.co/300x300?text=VEDA
521,HORLICS PROTEIN PLUS CHOCO 400g,HORLICS,Organic & Health Foods,674,675,-2,,https://placehold.co/300x300?text=HORLICS
2081,FEEDSCO SUNFLOWER SEED 250g,FEEDSCO,Organic & Health Foods,190,195,-1,,https://placehold.co/300x300?text=FEEDSCO
15,VEDA NEEM OIL 100ML,VEDA,Spices & Cooking Essentials,186,188,9,,https://placehold.co/300x300?text=VEDA
297,AMERICAN GARDEN NATURAL VINEGAR APPLE CIDER 473ML,AMERICAN,Spices & Cooking Essentials,173,185,1,,https://placehold.co/300x300?text=AMERICAN
325,SABARI DARK SOYA SAUCE 200g,SABARI,Spices & Cooking Essentials,49,52,2,,https://placehold.co/300x300?text=SABARI
330,ORGANIC ROSEMARY OIL 30ml,ORGANIC,Spices & Cooking Essentials,20,25,6,,https://placehold.co/300x300?text=ORGANIC
348,AXE OIL 3ML,AXE,Spices & Cooking Essentials,120,250,3,,https://placehold.co/300x300?text=AXE
382,TOP RAMEN MASALA NOODLES 240G,TOP,Spices & Cooking Essentials,52,53,1,,https://placehold.co/300x300?text=TOP
396,KISSAN FRESH TOMATO KETCHUP 200GM,KISSAN,Spices & Cooking Essentials,64.8,65,-1,,https://placehold.co/300x300?text=KISSAN
458,HELLMANNS REAL MAYONNAISE 85G,HELLMANNS,Spices & Cooking Essentials,38,38,-1,,https://placehold.co/300x300?text=HELLMANNS
468,HELLMANNS REAL MAYONNAISE 250G,HELLMANNS,Spices & Cooking Essentials,89,90,1,,https://placehold.co/300x300?text=HELLMANNS
480,HAMAM PURE NEEM OIL 150g,HAMAM,Spices & Cooking Essentials,66,67,25,,https://placehold.co/300x300?text=HAMAM
487,KNORR PIZZA PASTA SAUCE 200G,KNORR,Spices & Cooking Essentials,60,65,3,,https://placehold.co/300x300?text=KNORR
490,KISSAN FT KETCHUP 425g,KISSAN,Spices & Cooking Essentials,49.25,50,-1,,https://placehold.co/300x300?text=KISSAN
507,KISSAN SQUZ KETCHUP 450G,KISSAN,Spices & Cooking Essentials,124.8,125,-2,,https://placehold.co/300x300?text=KISSAN
529,KNORR RED CHILLY SAUCE 200g,KNORR,Spices & Cooking Essentials,55,60,-1,,https://placehold.co/300x300?text=KNORR
530,KNORR GREEN CHILLY SAUCE 200g,KNORR,Spices & Cooking Essentials,55,60,1,,https://placehold.co/300x300?text=KNORR
585,MAGGI MINUTE MASALA NDLS 560g,MAGGI,Spices & Cooking Essentials,110,112,-1,,https://placehold.co/300x300?text=MAGGI
586,MAGGI VEGGIE MASALA 248G,MAGGI,Spices & Cooking Essentials,59,60,-11,,https://placehold.co/300x300?text=MAGGI
592,MAGGI SPECIAL MASALA 280g,MAGGI,Spices & Cooking Essentials,79,80,-11,,https://placehold.co/300x300?text=MAGGI
787,HIMALAYA OIL CLEAR LEMON FACEWASH 50ML,HIMALAYA,Spices & Cooking Essentials,83,85,5,,https://placehold.co/300x300?text=HIMALAYA
831,DABUR RED GEL TOOTH PASTE 80GM,DABUR,Spices & Cooking Essentials,54,55,8,,https://placehold.co/300x300?text=DABUR
16,MAGGI COCONUT MILK 180ML,MAGGI,Dairy & Breakfast,79,80,5,,https://placehold.co/300x300?text=MAGGI
318,CAD DAIRY MILK ROASTED ALMOND 80g,CAD,Dairy & Breakfast,88,90,3,,https://placehold.co/300x300?text=CAD
469,KNORR SWEET CORN VEG SOUP 42G,KNORR,Dairy & Breakfast,55,65,-7,,https://placehold.co/300x300?text=KNORR
471,KNORR SWEET CORN CKN SOUP 40g,KNORR,Dairy & Breakfast,74,75,3,,https://placehold.co/300x300?text=KNORR
622,BRITANNIA MILK BIKIS BISCUITS 66.8gm,BRITANNIA,Dairy & Breakfast,10,10,-1,,https://placehold.co/300x300?text=BRITANNIA
623,BRITTANIA MILK BIKIS 188gm,BRITTANIA,Dairy & Breakfast,34.8,35,-19,,https://placehold.co/300x300?text=BRITTANIA
624,BRITANNIA MILK BIKIS 360G,BRITANNIA,Dairy & Breakfast,54.8,55,-7,,https://placehold.co/300x300?text=BRITANNIA
648,BRITANNIA MILK BIKIS 120 GM,BRITANNIA,Dairy & Breakfast,29.8,30,-8,,https://placehold.co/300x300?text=BRITANNIA
649,BRITANNIA GOOD DAY BUTTER COOKIES 200G,BRITANNIA,Dairy & Breakfast,40,40,-17,,https://placehold.co/300x300?text=BRITANNIA
650,BRITANNIA GOOD DAY BUTTER 120G+30G,BRITANNIA,Dairy & Breakfast,29,30,-25,,https://placehold.co/300x300?text=BRITANNIA
665,BRITANNIA NC OATS COOKIES 150g,BRITANNIA,Dairy & Breakfast,65,65,1,,https://placehold.co/300x300?text=BRITANNIA
669,BRITANNIA RUSK TOASTEA MILK ATTA 253gm,BRITANNIA,Dairy & Breakfast,34,35,-1,,https://placehold.co/300x300?text=BRITANNIA
682,SAFFOLA OATS 1KG,SAFFOLA,Dairy & Breakfast,235,245,-2,,https://placehold.co/300x300?text=SAFFOLA
690,SAFFOLA OATS CREAMY 500 G,SAFFOLA,Dairy & Breakfast,95,95,2,,https://placehold.co/300x300?text=SAFFOLA
700,FEM CREME BLEACH PEARL & MILK 24GM,FEM,Dairy & Breakfast,58,59,1,,https://placehold.co/300x300?text=FEM
868,AMUL BUTTER SALTED 100GM,AMUL,Dairy & Breakfast,58,58,1,,https://placehold.co/300x300?text=AMUL
869,AMUL CHEESE SLICE 100g,AMUL,Dairy & Breakfast,82,82,1,,https://placehold.co/300x300?text=AMUL
870,AMUL CHEESE SPREAD PLAIN 200GM,AMUL,Dairy & Breakfast,109,110,1,,https://placehold.co/300x300?text=AMUL
873,AMUL MILK CHOCOLATE HAPPY BIRTHDAY 150gm,AMUL,Dairy & Breakfast,198,200,1,,https://placehold.co/300x300?text=AMUL
877,AMUL MITHAI MATE CONDENSED MILK 200GM,AMUL,Dairy & Breakfast,66,68,2,,https://placehold.co/300x300?text=AMUL
19,MONSTER ENERGY DRINK BLACK CAN 350ML,MONSTER,Beverages & Energy Drinks,125,125,5,,https://placehold.co/300x300?text=MONSTER
20,MONSTER ULTRA ENERGY ZERO SUGAR 350ml,MONSTER,Beverages & Energy Drinks,125,125,7,,https://placehold.co/300x300?text=MONSTER
21,PREDATOR ENERGY DRINK 300ml,PREDATOR,Beverages & Energy Drinks,60,60,3,,https://placehold.co/300x300?text=PREDATOR
328,HAPPY INSTANT DRINK MIX LEMON 500GM,HAPPY,Beverages & Energy Drinks,158,160,1,,https://placehold.co/300x300?text=HAPPY
336,MOGU GRAPE JUICE 300ML,MOGU,Beverages & Energy Drinks,68,70,1,,https://placehold.co/300x300?text=MOGU
1214,COCA COLA COKE 600ML,COCA,Beverages & Energy Drinks,40,40,-12,,https://placehold.co/300x300?text=COCA
1216,FANTA 600ml,FANTA,Beverages & Energy Drinks,40,40,1,,https://placehold.co/300x300?text=FANTA
1217,SPRITE CAN 300ML,SPRITE,Beverages & Energy Drinks,40,40,3,,https://placehold.co/300x300?text=SPRITE
1218,SPRITE LTR,SPRITE,Beverages & Energy Drinks,50,55,4,,https://placehold.co/300x300?text=SPRITE
1219,SPRITE 600ML,SPRITE,Beverages & Energy Drinks,40,40,1,,https://placehold.co/300x300?text=SPRITE
1220,SPRITE 2.25LTR,SPRITE,Beverages & Energy Drinks,100,100,3,,https://placehold.co/300x300?text=SPRITE
1223,DIET COKE 300ml,DIET,Beverages & Energy Drinks,40,40,24,,https://placehold.co/300x300?text=DIET
1224,KINLEY SODA 750ML,KINLEY,Beverages & Energy Drinks,18,18,2,,https://placehold.co/300x300?text=KINLEY
1226,MAAZA 600ML,MAAZA,Beverages & Energy Drinks,35,35,-8,,https://placehold.co/300x300?text=MAAZA
1227,MAAZA TETRA 135ML,MAAZA,Beverages & Energy Drinks,10,10,3,,https://placehold.co/300x300?text=MAAZA
1273,STING ENERGY DRINK 250ML,STING,Beverages & Energy Drinks,19.8,20,-7,,https://placehold.co/300x300?text=STING
1274,PEPSI BLACK ZERO SUGAR CAN 330ML,PEPSI,Beverages & Energy Drinks,39.8,40,1,,https://placehold.co/300x300?text=PEPSI
1275,SLICE MANGO DRINK 125ml,SLICE,Beverages & Energy Drinks,10,10,-17,,https://placehold.co/300x300?text=SLICE
1279,PEPSI PET BOTTLE 250ml,PEPSI,Beverages & Energy Drinks,20,20,13,,https://placehold.co/300x300?text=PEPSI
1280,PEPSI 2.25L BOTTLE,PEPSI,Beverages & Energy Drinks,100,100,-2,,https://placehold.co/300x300?text=PEPSI
22,ORAL-B TB EXTRA SOFT CLOVE,ORAL-B,Oral Care,22,25,1,,https://placehold.co/300x300?text=ORAL-B
23,ORAL B TOOTHBRUSH MICKEY KIDS 1N (SOFT),ORAL,Oral Care,44,44,5,,https://placehold.co/300x300?text=ORAL
29,ORAL-B PRO HEALTH TB SOFT,ORAL-B,Oral Care,85,89,1,,https://placehold.co/300x300?text=ORAL-B
32,ORAL-B TB CLEAN MEDIUM,ORAL-B,Oral Care,18,20,2,,https://placehold.co/300x300?text=ORAL-B
34,ORAL-B NEEM TB EXTRACT MEDIUM,ORAL-B,Oral Care,22,25,5,,https://placehold.co/300x300?text=ORAL-B
35,ORAL-B TB SHINY CLEAN MEDIUM,ORAL-B,Oral Care,18,20,7,,https://placehold.co/300x300?text=ORAL-B
73,ORAL-B TB CRISSCROSS MEDIUM,ORAL-B,Oral Care,79,80,1,,https://placehold.co/300x300?text=ORAL-B
78,ORAL B TOM&JERRY TB T&G,ORAL,Oral Care,78,79,3,,https://placehold.co/300x300?text=ORAL
99,ORAL-B TB SENSITIVE 4N SOFT,ORAL-B,Oral Care,150,150,1,,https://placehold.co/300x300?text=ORAL-B
111,ORAL B TB T&J ES*2N,ORAL,Oral Care,130,135,9,,https://placehold.co/300x300?text=ORAL
132,ORAL B TOOTHBRUSH MICKEY KIDS 2+YR 3IN1 (SFT),ORAL,Oral Care,99,100,10,,https://placehold.co/300x300?text=ORAL
213,ORAL-B TB NEEM M,ORAL-B,Oral Care,35,40,1,,https://placehold.co/300x300?text=ORAL-B
214,ORAL B TOOTHBRUSH CAVITY DFNCE 4IN1 CHARCOAL (M),ORAL,Oral Care,117,120,1,,https://placehold.co/300x300?text=ORAL
224,ORAL-B TOOTHBRUSH KIDS CHOTTA BHEEM 2+YR 3IN1 (EX.SFT),ORAL-B,Oral Care,49,50,7,,https://placehold.co/300x300?text=ORAL-B
225,ORAL-B KIDS TB CHHOTA BHEEM(ES),ORAL-B,Oral Care,22,25,10,,https://placehold.co/300x300?text=ORAL-B
226,ORAL B SOFT TB CAVITY 6N,ORAL,Oral Care,120,120,4,,https://placehold.co/300x300?text=ORAL
229,ORAL-B TB SENSITIVE 1N EXS,ORAL-B,Oral Care,55,60,2,,https://placehold.co/300x300?text=ORAL-B
239,ORAL-B KIDS TB(ES),ORAL-B,Oral Care,17,20,11,,https://placehold.co/300x300?text=ORAL-B
246,ORAL B TOOTHBRUSH CRISSCROSS 2+1 (E.SFT),ORAL,Oral Care,128,130,1,,https://placehold.co/300x300?text=ORAL
247,ORAL B CRISS CROSS TB DC *4N,ORAL,Oral Care,155,160,1,,https://placehold.co/300x300?text=ORAL
26,GILLETTE O CLOCK READY II,GILLETTE,Men's Grooming,15.8,16,37,,https://placehold.co/300x300?text=GILLETTE
28,GILLETTE O CLOCK SUPER PLATINUM,GILLETTE,Men's Grooming,83,85,3,,https://placehold.co/300x300?text=GILLETTE
30,GILLETTE WILKINSON SWORD n BLADE,GILLETTE,Men's Grooming,14,15,1,,https://placehold.co/300x300?text=GILLETTE
31,GILLETTE O CLOCK BLADE 10N,GILLETTE,Men's Grooming,27,30,64,,https://placehold.co/300x300?text=GILLETTE
37,GILLETTE GUARD CARTRIDGE 1N,GILLETTE,Men's Grooming,39,40,11,,https://placehold.co/300x300?text=GILLETTE
40,OLD SPICE MUSK SHAVING CREAM GM,OLD,Men's Grooming,73,75,3,,https://placehold.co/300x300?text=OLD
41,OLD SPICE SHAVING CREAM ORIGINAL GM,OLD,Men's Grooming,70,71,6,,https://placehold.co/300x300?text=OLD
42,GILLETTE SHAVE GEL SEN 25g,GILLETTE,Men's Grooming,48,49,6,,https://placehold.co/300x300?text=GILLETTE
43,GILLETTE SHAVING FOAM REGULAR 196GM,GILLETTE,Men's Grooming,195,199,1,,https://placehold.co/300x300?text=GILLETTE
44,GILLETTE SHAVING FOAM MENTHOL 196GM,GILLETTE,Men's Grooming,194,199,1,,https://placehold.co/300x300?text=GILLETTE
45,OLD SPICE LATHER SC FRESH LIME 70GM,OLD,Men's Grooming,73,75,2,,https://placehold.co/300x300?text=OLD
72,GILLETTE MACH3 TURBO TM BLADE,GILLETTE,Men's Grooming,371,375,3,,https://placehold.co/300x300?text=GILLETTE
76,GILLETTE SERIES SHAVE GEL 60g,GILLETTE,Men's Grooming,98,99,3,,https://placehold.co/300x300?text=GILLETTE
77,GILLETTE SHAVING GEL60gm,GILLETTE,Men's Grooming,96,99,5,,https://placehold.co/300x300?text=GILLETTE
79,GILLETTE VECTOR+ RAZOR,GILLETTE,Men's Grooming,78,80,4,,https://placehold.co/300x300?text=GILLETTE
80,GILLETTE O CLOCK RAZOR+2 BLADE,GILLETTE,Men's Grooming,38,40,4,,https://placehold.co/300x300?text=GILLETTE
81,GILLETTE O CLOCK PII 5N,GILLETTE,Men's Grooming,220,225,2,,https://placehold.co/300x300?text=GILLETTE
82,GILLETTE VECTOR+ 2N CARTRIDGES,GILLETTE,Men's Grooming,73,75,6,,https://placehold.co/300x300?text=GILLETTE
83,GILLETTE GUARD 3N CARTRIDGES,GILLETTE,Men's Grooming,106,110,6,,https://placehold.co/300x300?text=GILLETTE
84,GILLETTE SHAVE BRUSH 1N,GILLETTE,Men's Grooming,65,70,1,,https://placehold.co/300x300?text=GILLETTE
36,TIDE NATURALS LEMON & CHANDAN 500GM,TIDE,Laundry & Fabric Care,44.8,45,3,,https://placehold.co/300x300?text=TIDE
46,ARIEL COLOUR CARE 1.5KG,ARIEL,Laundry & Fabric Care,340,342,1,,https://placehold.co/300x300?text=ARIEL
50,ARIEL PERFECT WASH 1kg,ARIEL,Laundry & Fabric Care,178,179,9,,https://placehold.co/300x300?text=ARIEL
91,ARIEL PERFECT WASH 500g,ARIEL,Laundry & Fabric Care,89,90,5,,https://placehold.co/300x300?text=ARIEL
92,ARIEL MATIC LIQUID FRONT LOAD L+500ml,ARIEL,Laundry & Fabric Care,600,612,1,,https://placehold.co/300x300?text=ARIEL
93,ARIEL MATIC LIQUID TOPLOAD 1KG,ARIEL,Laundry & Fabric Care,225,229,6,,https://placehold.co/300x300?text=ARIEL
105,TIDE DOUBLE POWER 2Kg,TIDE,Laundry & Fabric Care,278,280,2,,https://placehold.co/300x300?text=TIDE
106,ARIEL MATIC LIQ TOP LOAD 500ML,ARIEL,Laundry & Fabric Care,137,138,2,,https://placehold.co/300x300?text=ARIEL
107,ARIEL FRONT LOAD MATIC LIQUID 500ml,ARIEL,Laundry & Fabric Care,147,148,4,,https://placehold.co/300x300?text=ARIEL
108,ARIEL COMPLTE DETERGENT 1.5kg,ARIEL,Laundry & Fabric Care,365,369,3,,https://placehold.co/300x300?text=ARIEL
130,ARIEL MATIC LIQ TL Ltr,ARIEL,Laundry & Fabric Care,325,329,3,,https://placehold.co/300x300?text=ARIEL
131,ARIEL MATIC LIQ FL 2L,ARIEL,Laundry & Fabric Care,375,379,5,,https://placehold.co/300x300?text=ARIEL
133,ARIEL MATIC TOP LOAD 1ltr LIQUID,ARIEL,Laundry & Fabric Care,175,179,1,,https://placehold.co/300x300?text=ARIEL
134,ARIEL MATIC FRONT LOAD 1ltr LIQUID,ARIEL,Laundry & Fabric Care,199,203,3,,https://placehold.co/300x300?text=ARIEL
144,TIDE BLUE BAR 80g+40g,TIDE,Laundry & Fabric Care,9.8,10,51,,https://placehold.co/300x300?text=TIDE
145,TIDE WHITE BAR 80g+40g FREE,TIDE,Laundry & Fabric Care,9.8,10,58,,https://placehold.co/300x300?text=TIDE
146,TIDE DETERGENT BAR BLUE 1Kg 4+1,TIDE,Laundry & Fabric Care,122,125,10,,https://placehold.co/300x300?text=TIDE
147,TIDE BLUE BAR 3+1 (100gm*4N),TIDE,Laundry & Fabric Care,29,30,17,,https://placehold.co/300x300?text=TIDE
157,ARIEL MATIC TOP LOAD 500gm,ARIEL,Laundry & Fabric Care,158,160,4,,https://placehold.co/300x300?text=ARIEL
158,ARIEL MATIC FRONT LOAD 500gm,ARIEL,Laundry & Fabric Care,168,170,2,,https://placehold.co/300x300?text=ARIEL
47,PAMPERS PC PANTS SMALL*21 4-8KG,PAMPERS,Baby Care,292,299,3,,https://placehold.co/300x300?text=PAMPERS
48,PAMPERS PC BABY PANTS M16nos,PAMPERS,Baby Care,292,299,1,,https://placehold.co/300x300?text=PAMPERS
49,PAMPERS PC PANTS LARGE N,PAMPERS,Baby Care,292,299,2,,https://placehold.co/300x300?text=PAMPERS
74,PAMPERS NEW BABY UP TO 5kg 72N,PAMPERS,Baby Care,1185,1199,7,,https://placehold.co/300x300?text=PAMPERS
75,PAMPERS ACTIVE BABT XL NOS,PAMPERS,Baby Care,1700,1749,1,,https://placehold.co/300x300?text=PAMPERS
96,PAMPERS BABY DRY NB S DIAPER,PAMPERS,Baby Care,340,349,3,,https://placehold.co/300x300?text=PAMPERS
97,PAMPERS BABY PANTS MEDIUM 6nos,PAMPERS,Baby Care,97,98,1,,https://placehold.co/300x300?text=PAMPERS
98,PAMPERS BABY PANTS LARGE nos,PAMPERS,Baby Care,98,105,3,,https://placehold.co/300x300?text=PAMPERS
100,PAMPERS BABY PANTS SMALL 16nos,PAMPERS,Baby Care,193,196,7,,https://placehold.co/300x300?text=PAMPERS
101,PAMPERS NEW BABY PANTS 18nos,PAMPERS,Baby Care,199,210,6,,https://placehold.co/300x300?text=PAMPERS
102,PAMPERS BABY PANTS XXL 9nos,PAMPERS,Baby Care,275,299,1,,https://placehold.co/300x300?text=PAMPERS
103,PAMPERS PANTS NEW BABY NOS,PAMPERS,Baby Care,350,399,4,,https://placehold.co/300x300?text=PAMPERS
140,VICKS BABY RUB 50ml,VICKS,Baby Care,210,215,7,,https://placehold.co/300x300?text=VICKS
141,VICKS BABY RUB 25ml,VICKS,Baby Care,120,125,7,,https://placehold.co/300x300?text=VICKS
166,PAMPERS PANTS SMALL 30nos,PAMPERS,Baby Care,350,399,2,,https://placehold.co/300x300?text=PAMPERS
178,PAMPERS NEW BABY PANTS 54N,PAMPERS,Baby Care,725,799,3,,https://placehold.co/300x300?text=PAMPERS
179,PAMPERS ANTI RASH L PANTS,PAMPERS,Baby Care,700,749,1,,https://placehold.co/300x300?text=PAMPERS
180,PAMPERS ANTI RASH M PANTS,PAMPERS,Baby Care,925,999,2,,https://placehold.co/300x300?text=PAMPERS
181,PAMPERS ANTI RASH S PANTS,PAMPERS,Baby Care,925,999,1,,https://placehold.co/300x300?text=PAMPERS
183,PAMPERS ANTI RASH M PANTS,PAMPERS,Baby Care,750,799,2,,https://placehold.co/300x300?text=PAMPERS
109,VICKS VAPORUB XTRA STRONG 25ml,VICKS,Health & Wellness,120,125,7,,https://placehold.co/300x300?text=VICKS
110,VICKS VAPORUB XTRA STRONG 50ml,VICKS,Health & Wellness,210,215,11,,https://placehold.co/300x300?text=VICKS
120,VICKS VAPO RUB STEAM PODS CAPSULES,VICKS,Health & Wellness,195,199,2,,https://placehold.co/300x300?text=VICKS
191,VICKS VAPORUB 25ml,VICKS,Health & Wellness,107,109,3,,https://placehold.co/300x300?text=VICKS
192,VICKS INHALER KEYCHAIN 0.5ml,VICKS,Health & Wellness,67,69,1,,https://placehold.co/300x300?text=VICKS
244,VICKS MINI ROLL ON,VICKS,Health & Wellness,63,65,10,,https://placehold.co/300x300?text=VICKS
255,VICKS VAPORUB 105ml,VICKS,Health & Wellness,330,340,6,,https://placehold.co/300x300?text=VICKS
256,VICKS VAPORUB 50ml,VICKS,Health & Wellness,192,199,10,,https://placehold.co/300x300?text=VICKS
277,VICKS COUGH DROPS COOLING MENTHOL 25N POUCH,VICKS,Health & Wellness,48,50,3,,https://placehold.co/300x300?text=VICKS
354,IODEX 16GM,IODEX,Health & Wellness,90,92,1,,https://placehold.co/300x300?text=IODEX
357,IODEX 8GM,IODEX,Health & Wellness,41,42,2,,https://placehold.co/300x300?text=IODEX
812,MOOV 15GM,MOOV,Health & Wellness,83,85,1,,https://placehold.co/300x300?text=MOOV
864,ZANDU BALM ML +1.6 ML,ZANDU,Health & Wellness,43,44,1,,https://placehold.co/300x300?text=ZANDU
1085,ENO COOL LEMON FLAVOUR 5G,ENO,Health & Wellness,10,10,3,,https://placehold.co/300x300?text=ENO
1229,AMRUTANJAN PAIN RELIEF 27.5ML,AMRUTANJAN,Health & Wellness,43,45,2,,https://placehold.co/300x300?text=AMRUTANJAN
1230,AMRUTANJAN STRONGS PAIN BALM GREEN 30ML,AMRUTANJAN,Health & Wellness,94,95,16,,https://placehold.co/300x300?text=AMRUTANJAN
1231,AMRUTANJAN BACK PAIN ROLL ON 50ML,AMRUTANJAN,Health & Wellness,98,100,3,,https://placehold.co/300x300?text=AMRUTANJAN
1232,AMRUTANJAN PAIN BALM YELLOW 30ML,AMRUTANJAN,Health & Wellness,98,100,16,,https://placehold.co/300x300?text=AMRUTANJAN
3414,TIGER BALM RED 10G,TIGER,Health & Wellness,195,240,2,,https://placehold.co/300x300?text=TIGER
3415,TIGER BALM WHITE 10G,TIGER,Health & Wellness,195,240,5,,https://placehold.co/300x300?text=TIGER
127,AMBIPUR CAR FRESHNER AQUA 1N,AMBIPUR,Air Fresheners,315,349,-1,,https://placehold.co/300x300?text=AMBIPUR
128,AMBIPUR CAR FRESHNER CITRUS&ZEST 1N,AMBIPUR,Air Fresheners,315,349,2,,https://placehold.co/300x300?text=AMBIPUR
129,AMBIPUR CAR AIR FRESHNER EXOTIC JASMINE 7.5ml,AMBIPUR,Air Fresheners,315,349,3,,https://placehold.co/300x300?text=AMBIPUR
206,AMBIPUR CAR REFILL AQUA 7.5ml,AMBIPUR,Air Fresheners,215,249,5,,https://placehold.co/300x300?text=AMBIPUR
207,AMBI PUR CAR REFILL EJ 7.5 ML,AMBI,Air Fresheners,225,249,5,,https://placehold.co/300x300?text=AMBI
208,AMBI PUR CAR REFILL VANILLA 7.5ml,AMBI,Air Fresheners,225,249,1,,https://placehold.co/300x300?text=AMBI
209,AMBI PUR CAR REFILL CIT&ZEST 7.5 ML,AMBI,Air Fresheners,215,249,1,,https://placehold.co/300x300?text=AMBI
254,AMBI PUR CAR GEL ROSE 75gm,AMBI,Air Fresheners,310,349,3,,https://placehold.co/300x300?text=AMBI
391,GODREJ AER SPRAY MONSOON 240 ML,GODREJ,Air Fresheners,150,169,2,,https://placehold.co/300x300?text=GODREJ
823,PARKER BETA PRM SILVER ROLLER BALL REFILL PEN,PARKER,Air Fresheners,180,190,3,,https://placehold.co/300x300?text=PARKER
835,ODONIL GELZ MYSTIC LAVENDER AIR FRESHNER 75GM,ODONIL,Air Fresheners,94,95,10,,https://placehold.co/300x300?text=ODONIL
836,ODONIL GELZ JASMINE FANTASY AIR FRESHNER 75GM,ODONIL,Air Fresheners,94,95,11,,https://placehold.co/300x300?text=ODONIL
837,ODONIL GELZ ROSE DREAMS AIR FRESHNER 75GM,ODONIL,Air Fresheners,79,80,2,,https://placehold.co/300x300?text=ODONIL
839,ODONIL ROSE GARDEN ROOM SPRAY 240ML,ODONIL,Air Fresheners,160,169,13,,https://placehold.co/300x300?text=ODONIL
841,ODONIL ROOM SPRAY CITRUS FRESH 240 ml,ODONIL,Air Fresheners,150,169,1,,https://placehold.co/300x300?text=ODONIL
849,ODONIL LAVENDER MEADOWS 48g,ODONIL,Air Fresheners,57,58,8,,https://placehold.co/300x300?text=ODONIL
850,ODONIL ORCHID DEW AIR FRESHNER 48gm,ODONIL,Air Fresheners,57,58,3,,https://placehold.co/300x300?text=ODONIL
851,ODONIL MYSTIC ROSE AIR FRESHNER 48gm,ODONIL,Air Fresheners,57,58,3,,https://placehold.co/300x300?text=ODONIL
852,ODONIL JASMIN MIST AIR FRESHNER 72gh,ODONIL,Air Fresheners,88,90,2,,https://placehold.co/300x300?text=ODONIL
853,ODONIL AIR FRESHNER ORCHID DEW 72GM,ODONIL,Air Fresheners,88,90,4,,https://placehold.co/300x300?text=ODONIL
139,WHISPER MAXI FIT XL PADS,WHISPER,Feminine Care,84,85,6,,https://placehold.co/300x300?text=WHISPER
182,WHISPER BINDAZ NIGHT XXL+ NOS,WHISPER,Feminine Care,128,130,4,,https://placehold.co/300x300?text=WHISPER
189,WHISPER CHOICE XXL NIGHT 6N,WHISPER,Feminine Care,49,50,-1,,https://placehold.co/300x300?text=WHISPER
193,WHISPER ULTRA SOFT XL PADS,WHISPER,Feminine Care,173,175,5,,https://placehold.co/300x300?text=WHISPER
194,WHISPER ULTRA XL+ NOS,WHISPER,Feminine Care,375,380,4,,https://placehold.co/300x300?text=WHISPER
195,WHISPER ULTRA SOFT XL nos,WHISPER,Feminine Care,599,625,3,,https://placehold.co/300x300?text=WHISPER
196,WHISPER ULTRA SOFT XL+ NOS,WHISPER,Feminine Care,89,90,5,,https://placehold.co/300x300?text=WHISPER
197,WHISPER ULTRA SOFT XL+ PADS,WHISPER,Feminine Care,193,195,5,,https://placehold.co/300x300?text=WHISPER
198,WHISPER ULTRA SOFT XL 30nos,WHISPER,Feminine Care,345,350,3,,https://placehold.co/300x300?text=WHISPER
199,WHISPER KOALA SOFT XXL+ pcs,WHISPER,Feminine Care,148,150,3,,https://placehold.co/300x300?text=WHISPER
210,WHISPER ULTRA XL+ 30nos,WHISPER,Feminine Care,445,450,6,,https://placehold.co/300x300?text=WHISPER
211,WHISPER ULTRA SOFT XL NOS BUY GET,WHISPER,Feminine Care,390,400,4,,https://placehold.co/300x300?text=WHISPER
212,WHISPER ULTRA SOFT XL PADS,WHISPER,Feminine Care,69,70,5,,https://placehold.co/300x300?text=WHISPER
227,WHISPER DAILY LINERS 40N,WHISPER,Feminine Care,285,320,2,,https://placehold.co/300x300?text=WHISPER
228,WHISPER DAILY LINERS 20N,WHISPER,Feminine Care,158,160,2,,https://placehold.co/300x300?text=WHISPER
240,WHISPER ULTRA XL+ 15NOS,WHISPER,Feminine Care,188,190,2,,https://placehold.co/300x300?text=WHISPER
241,WHISPER ULTRA XL+ NOS,WHISPER,Feminine Care,350,375,1,,https://placehold.co/300x300?text=WHISPER
242,WHISPER ULTRA XL 45nos BUY GET FREE,WHISPER,Feminine Care,450,480,1,,https://placehold.co/300x300?text=WHISPER
243,WHISPER ULTRA XL+(7)PADS,WHISPER,Feminine Care,89,90,2,,https://placehold.co/300x300?text=WHISPER
257,WHISPER CHOICE REGULAR *6PADS,WHISPER,Feminine Care,34,35,4,,https://placehold.co/300x300?text=WHISPER
292,INDIA GATE BASMATI RICE TIBAR 1KG,INDIA,"Rice, Atta & Staples",152,154,8,,https://placehold.co/300x300?text=INDIA
343,SWAD BENCY RAVA 1KG,SWAD,"Rice, Atta & Staples",90,93,-2,,https://placehold.co/300x300?text=SWAD
344,SWAD BENCY RAVA,SWAD,"Rice, Atta & Staples",45,48,-4,,https://placehold.co/300x300?text=SWAD
1138,AASHIRVAAD ATTA MULTIGRAINS 1KG,AASHIRVAAD,"Rice, Atta & Staples",82,84,-1,,https://placehold.co/300x300?text=AASHIRVAAD
1139,AASHIRVAAD ATTA SUPERIOR MP 5KG,AASHIRVAAD,"Rice, Atta & Staples",340,347,-1,,https://placehold.co/300x300?text=AASHIRVAAD
1140,AASHIRVAAD ATTA SUPERIOR MP 1KG,AASHIRVAAD,"Rice, Atta & Staples",70,73,-1,,https://placehold.co/300x300?text=AASHIRVAAD
1466,UT PUTTU PODI 500G,UT,"Rice, Atta & Staples",45,46.5,4,,https://placehold.co/300x300?text=UT
1467,UT PUTTU PODI 1KG,UT,"Rice, Atta & Staples",91,92,10,,https://placehold.co/300x300?text=UT
1468,UT WHEAT PWDR 500GM,UT,"Rice, Atta & Staples",48,50,9,,https://placehold.co/300x300?text=UT
1469,UT CHEMBA PUTTU PODI 500GM,UT,"Rice, Atta & Staples",57,58,6,,https://placehold.co/300x300?text=UT
1470,UT APPAM/IDIYAPPAM FLOUR 500GM,UT,"Rice, Atta & Staples",45,46.5,5,,https://placehold.co/300x300?text=UT
1472,UT UPPUMAVU RAVA 500G,UT,"Rice, Atta & Staples",46,48,2,,https://placehold.co/300x300?text=UT
1473,UT UPPUMAVU RAVA 1KG,UT,"Rice, Atta & Staples",93,95,3,,https://placehold.co/300x300?text=UT
1488,NIRAPARA WHITE RICE FLAKES 400G,NIRAPARA,"Rice, Atta & Staples",59,60,5,,https://placehold.co/300x300?text=NIRAPARA
1489,NIRAPARA MATTA RICE FLAKES 400GM,NIRAPARA,"Rice, Atta & Staples",64,65,6,,https://placehold.co/300x300?text=NIRAPARA
1490,NIRAPARA WHITE PUTTU PODI 500GM,NIRAPARA,"Rice, Atta & Staples",54,55,1,,https://placehold.co/300x300?text=NIRAPARA
1491,NIRAPARA WHITE PUTTU PODI 1KG,NIRAPARA,"Rice, Atta & Staples",94,95,-6,,https://placehold.co/300x300?text=NIRAPARA
1492,NIRAPARA APPAM/IDIYAPPAM PODI 500GM,NIRAPARA,"Rice, Atta & Staples",54,55,4,,https://placehold.co/300x300?text=NIRAPARA
1493,NIRAPARA APPAM/IDIYAPPAM PODI 1KG,NIRAPARA,"Rice, Atta & Staples",103,105,2,,https://placehold.co/300x300?text=NIRAPARA
1494,NIRAPARA CHEMBA PUTTU PODI 500GM,NIRAPARA,"Rice, Atta & Staples",69,70,4,,https://placehold.co/300x300?text=NIRAPARA
302,CAD DIARYMILK CRACKLE 36GM,CAD,Snacks & Biscuits,44,45,2,,https://placehold.co/300x300?text=CAD
309,CAD OREO CHOCO CREME BISCUIT 43.75gm,CAD,Snacks & Biscuits,9.9,10,-5,,https://placehold.co/300x300?text=CAD
324,BATOOK CHEWING GUM STRAWBERRY,BATOOK,Snacks & Biscuits,9.9,10,1,,https://placehold.co/300x300?text=BATOOK
334,PRAN POTATA BISCUIT 75G,PRAN,Snacks & Biscuits,24,25,-3,,https://placehold.co/300x300?text=PRAN
358,ORBIT SPEARMINT 22G,ORBIT,Snacks & Biscuits,49,50,1,,https://placehold.co/300x300?text=ORBIT
359,ORBIT MIXED FRUIT 22G,ORBIT,Snacks & Biscuits,50,50,1,,https://placehold.co/300x300?text=ORBIT
360,WRIGLEYS DOUBLE MINT PEPPERMINT,WRIGLEYS,Snacks & Biscuits,10,10,-5,,https://placehold.co/300x300?text=WRIGLEYS
361,ORBIT SWEETMINT 22G,ORBIT,Snacks & Biscuits,50,50,-1,,https://placehold.co/300x300?text=ORBIT
371,POLO MINT 12gm,POLO,Snacks & Biscuits,4.8,5,-1,,https://placehold.co/300x300?text=POLO
510,HORLIKCS MILLET CHOCOLATE 400G,HORLIKCS,Snacks & Biscuits,238,239,-1,,https://placehold.co/300x300?text=HORLIKCS
593,KITKAT DARK CHOCOLATE 150G,KITKAT,Snacks & Biscuits,195,195,-4,,https://placehold.co/300x300?text=KITKAT
609,NESTLE POLO BIG ROLL,NESTLE,Snacks & Biscuits,10,10,5,,https://placehold.co/300x300?text=NESTLE
619,BRITANNIA NC 5GRAIN 200g,BRITANNIA,Snacks & Biscuits,74.8,75,-2,,https://placehold.co/300x300?text=BRITANNIA
620,BRITANNIA GOOD DAY CHOCOCHIP COOKIES 200G,BRITANNIA,Snacks & Biscuits,59.8,60,-22,,https://placehold.co/300x300?text=BRITANNIA
621,BRITANNIA GOOD DAY CHOCOCHIP 111G,BRITANNIA,Snacks & Biscuits,29,30,-21,,https://placehold.co/300x300?text=BRITANNIA
625,BRITANNIA VITA MARIE 163G,BRITANNIA,Snacks & Biscuits,29.8,30,-8,,https://placehold.co/300x300?text=BRITANNIA
626,BRITANNIA VITA MARIE GOLD 248G,BRITANNIA,Snacks & Biscuits,45,45,-17,,https://placehold.co/300x300?text=BRITANNIA
627,BRITANNIA SWEET AND SALT BISCUIT 50-50150GM,BRITANNIA,Snacks & Biscuits,29,30,-51,,https://placehold.co/300x300?text=BRITANNIA
628,BRITANNIA SWEET AND SALT BISCUIT 50-50 200GM,BRITANNIA,Snacks & Biscuits,35,35,-32,,https://placehold.co/300x300?text=BRITANNIA
629,BRITANNIA SWEET AND SALTY 50-50,BRITANNIA,Snacks & Biscuits,9,9,1,,https://placehold.co/300x300?text=BRITANNIA
304,CAD DAIRYMILK FRUIT & NUT 36GM,CAD,Fresh Produce,44,45,3,,https://placehold.co/300x300?text=CAD
312,TANG MANGO 500g,TANG,Fresh Produce,150,150,3,,https://placehold.co/300x300?text=TANG
326,HAPPY SQUASH PASSION FRUIT 750ml,HAPPY,Fresh Produce,223,225,3,,https://placehold.co/300x300?text=HAPPY
329,SABARI JAM 100gm MIXED FRUIT,SABARI,Fresh Produce,25,25,8,,https://placehold.co/300x300?text=SABARI
363,NESTLE MILKYBAR CHOO MIX FRUIT 11GM,NESTLE,Fresh Produce,5,5,-12,,https://placehold.co/300x300?text=NESTLE
381,NISSIN VEG NOODLE,NISSIN,Fresh Produce,48,49,-1,,https://placehold.co/300x300?text=NISSIN
404,KISSAN GRAPE SQUASH 750ML,KISSAN,Fresh Produce,164,165,-3,,https://placehold.co/300x300?text=KISSAN
495,KISSAN MANGO JAM 490G,KISSAN,Fresh Produce,199.8,200,-2,,https://placehold.co/300x300?text=KISSAN
497,KISSAN CHILLI TOMATO 200G,KISSAN,Fresh Produce,71.6,72,-4,,https://placehold.co/300x300?text=KISSAN
506,KISSAN MANGO JAM 188G,KISSAN,Fresh Produce,99.6,100,-2,,https://placehold.co/300x300?text=KISSAN
541,KNORR KOREAN SPICY KIMICHI VEG MEAL 96g,KNORR,Fresh Produce,59.5,60,-6,,https://placehold.co/300x300?text=KNORR
587,MAGGI TOMATO KETCHUP190G,MAGGI,Fresh Produce,71,72,4,,https://placehold.co/300x300?text=MAGGI
589,MAGGI KOREAN BBQ VEG,MAGGI,Fresh Produce,59,60,-9,,https://placehold.co/300x300?text=MAGGI
861,BAMBINO SOAN PAPDI MANGO 100gm,BAMBINO,Fresh Produce,38,40,1,,https://placehold.co/300x300?text=BAMBINO
1115,BINGO CHIPS TOMOTO POTATO 24GM,BINGO,Fresh Produce,10,10,-2,,https://placehold.co/300x300?text=BINGO
1277,TROPICANA MIXED FRUIT 500ML,TROPICANA,Fresh Produce,30,30,1,,https://placehold.co/300x300?text=TROPICANA
1288,SLICE MANGO BOTTLE 600ML,SLICE,Fresh Produce,38,38,-15,,https://placehold.co/300x300?text=SLICE
1289,SLICE MANGO 1.2LTR,SLICE,Fresh Produce,68,70,-10,,https://placehold.co/300x300?text=SLICE
1375,WOODWARDS GRAPE WATER 130ML,WOODWARDS,Fresh Produce,54.5,55,1,,https://placehold.co/300x300?text=WOODWARDS
1388,MAA MANGO TETRAPACK 145ml,MAA,Fresh Produce,10,10,56,,https://placehold.co/300x300?text=MAA
385,CINTHOL ORIGINAL SOAP 100GM,CINTHOL,Bath & Body,49.7,50,12,,https://placehold.co/300x300?text=CINTHOL
392,GODREJ CINTHOL LIME DEO SOAP 42gm,GODREJ,Bath & Body,9.9,10,1,,https://placehold.co/300x300?text=GODREJ
407,LIFEBUOY LEMON ALOE FRESH SOAP 100gm,LIFEBUOY,Bath & Body,36.6,37,30,,https://placehold.co/300x300?text=LIFEBUOY
411,PEARS SOFT & FRESH BODY WASH 250ML,PEARS,Bath & Body,197,199,5,,https://placehold.co/300x300?text=PEARS
425,PEARS PURE & GENTLE 3+1 (3*75GM),PEARS,Bath & Body,156,156,1,,https://placehold.co/300x300?text=PEARS
427,PEARS PURE & GENTLE VALUE PACK 3N,PEARS,Bath & Body,214,235,4,,https://placehold.co/300x300?text=PEARS
439,PEARS OIL CLEAR GLOW WITH LEMON 60G,PEARS,Bath & Body,159,160,4,,https://placehold.co/300x300?text=PEARS
443,LUX HAND WASH FRENCH ROSE& ALMOND OIL 750ML,LUX,Bath & Body,98,99,1,,https://placehold.co/300x300?text=LUX
446,DOVE GO FRESH MOISTURE BATHING BAR 75gm,DOVE,Bath & Body,74,75,7,,https://placehold.co/300x300?text=DOVE
448,LIFEBUOY NEEM SOAP 100gm,LIFEBUOY,Bath & Body,37.6,38,20,,https://placehold.co/300x300?text=LIFEBUOY
449,LIFEBUOY TURMERIC AND HONEY SOAP 100g,LIFEBUOY,Bath & Body,37.5,38,30,,https://placehold.co/300x300?text=LIFEBUOY
453,LIRIL BODY WASH LIME&TEA TREE OIL 250ml,LIRIL,Bath & Body,210,220,3,,https://placehold.co/300x300?text=LIRIL
457,PEARS OIL CLEAR GLOW BATHING BAR 75gm,PEARS,Bath & Body,62,53,2,,https://placehold.co/300x300?text=PEARS
474,DOVE PINK BEAUTY BATHING BAR 100g,DOVE,Bath & Body,81.5,82,16,,https://placehold.co/300x300?text=DOVE
478,LIFEBUOY HANDWASH TOTAL POUCH 3*185ml,LIFEBUOY,Bath & Body,119.5,120,3,,https://placehold.co/300x300?text=LIFEBUOY
479,HAMAM PURE NEEM OIL SOAP 100g,HAMAM,Bath & Body,40.5,41,24,,https://placehold.co/300x300?text=HAMAM
484,HAMAM NEEM SOAP 40gm,HAMAM,Bath & Body,10,10,28,,https://placehold.co/300x300?text=HAMAM
489,LIFEBUOY NEEM & ALOE SOAP MEGA OFFER PACK 4*125g,LIFEBUOY,Bath & Body,151.5,152,1,,https://placehold.co/300x300?text=LIFEBUOY
491,LIFEBUOY LEMON FRESH SOAP 41g,LIFEBUOY,Bath & Body,9.8,10,4,,https://placehold.co/300x300?text=LIFEBUOY
492,LUX SOAP ROSE 100gm,LUX,Bath & Body,37,38,1,,https://placehold.co/300x300?text=LUX
412,DOMEX FLOOR CLEANER 500ML,DOMEX,Household Cleaning,114,114,5,,https://placehold.co/300x300?text=DOMEX
426,VIM BAR ANTI SMELL PUDHINA 250GM,VIM,Household Cleaning,28,29,5,,https://placehold.co/300x300?text=VIM
450,VIM BAR 250g TUB,VIM,Household Cleaning,31.5,32,13,,https://placehold.co/300x300?text=VIM
462,VIM ANTI BAC WITH NEEM 250g,VIM,Household Cleaning,28,29,20,,https://placehold.co/300x300?text=VIM
475,VIM BAR PUDINA 115 gm,VIM,Household Cleaning,9,10,26,,https://placehold.co/300x300?text=VIM
476,VIM ANTI BAC WITH NEEM 115g,VIM,Household Cleaning,9.6,10,37,,https://placehold.co/300x300?text=VIM
485,VIM ANTI SMELL WITH PUDINA BUY GET FREE,VIM,Household Cleaning,130,130,3,,https://placehold.co/300x300?text=VIM
527,VIM LIQUID TROPICAL LEMON BOTTLE 750ml,VIM,Household Cleaning,198,199,1,,https://placehold.co/300x300?text=VIM
947,LIZOL JASMINE 200ML,LIZOL,Household Cleaning,45,45,8,,https://placehold.co/300x300?text=LIZOL
948,LIZOL 10X NEEM 200ML,LIZOL,Household Cleaning,42,42,8,,https://placehold.co/300x300?text=LIZOL
949,LIZOL 10X CITRUS 200ML,LIZOL,Household Cleaning,45,45,1,,https://placehold.co/300x300?text=LIZOL
950,HARPIC ORIGINAL POWER PLUS 10/10 500ML,HARPIC,Household Cleaning,103,105,1,,https://placehold.co/300x300?text=HARPIC
951,HARPIC POWER PLUS 10X ORIGINAL 200ML,HARPIC,Household Cleaning,44,44,2,,https://placehold.co/300x300?text=HARPIC
952,HARPIC BATHROOM CLEANER FLORAL 1L,HARPIC,Household Cleaning,218,219,1,,https://placehold.co/300x300?text=HARPIC
953,HARPIC BATHROOM CLEANER LEMON 1L,HARPIC,Household Cleaning,218,219,1,,https://placehold.co/300x300?text=HARPIC
955,HARPIC FLUSH MATIC 2*50gm,HARPIC,Household Cleaning,170,172,1,,https://placehold.co/300x300?text=HARPIC
956,HARPIC FLUSH MATIC MARINE 50g,HARPIC,Household Cleaning,89,91,8,,https://placehold.co/300x300?text=HARPIC
957,HARPIC BATHROOM CLEANER LEMON 250ml,HARPIC,Household Cleaning,56,58,11,,https://placehold.co/300x300?text=HARPIC
958,HARPIC POWER PLUS JASMINE 1ltr,HARPIC,Household Cleaning,229,230,1,,https://placehold.co/300x300?text=HARPIC
959,HARPIC 10X MAX CLEAN 1Litre,HARPIC,Household Cleaning,229,230,-1,,https://placehold.co/300x300?text=HARPIC
